/*
 MySQL to PostgreSQL Data Migration Script

 Generated by: mysql_to_pgsql_converter.py
 Source: crm-2024-09-30.sql (MySQL)
 Target: PostgreSQL

 Tables included:
   (all tables)

 Usage:
   psql -U postgres -d ruoyi-vue-pro -f <this_file.sql>

 Or with password:
   PGPASSWORD=Pass1234 psql -h 127.0.0.1 -U postgres -d ruoyi-vue-pro -f <this_file.sql>

 IMPORTANT:
   Before running this script, you may need to run the corresponding
   upgrade script to fix column types (smallint -> boolean).
*/

-- Disable triggers during import for better performance
SET session_replication_role = replica;


BEGIN;
INSERT INTO crm_business (id, name, customer_id, follow_up_status, contact_last_time, contact_next_time, owner_user_id, status_type_id, status_id, end_status, deal_time, total_product_price, discount_percent, total_price, remark, creator, updater, create_time, update_time, end_remark, deleted, tenant_id) VALUES (4, '一个商机', 2, NULL, '2024-02-19 21:38:37', '2024-02-13 00:00:00', 1, 3, 4, 0, NULL, NULL, NULL, 10.000000, NULL, '', '1', '2023-11-30 12:05:16', '2024-02-19 21:38:38', NULL, true, 1), (5, 'haoxx', 14, false, NULL, NULL, 1, 3, NULL, NULL, '2024-02-13 00:00:00', 10210.000000, 2.000000, 10005.800000, '321321', '1', '1', '2024-02-21 16:35:59', '2024-02-21 17:42:54', NULL, false, 1), (6, '哈罗', 14, true, '2024-02-21 23:35:46', '2024-02-20 00:00:00', 1, 5, NULL, NULL, NULL, 10010.000000, 0.000000, 10010.000000, NULL, '1', '1', '2024-02-21 21:30:17', '2024-02-21 23:35:46', NULL, false, 1), (7, '摩西摩西', 14, false, NULL, NULL, 1, 5, 7, NULL, NULL, 0.000000, 0.000000, 0.000000, NULL, '1', '1', '2024-02-21 21:48:20', '2024-02-21 21:48:20', NULL, false, 1), (8, '吃饭落', 14, false, NULL, NULL, 103, 4, 5, NULL, '2024-02-14 00:00:00', 0.000000, 0.000000, 0.000000, NULL, '1', '1', '2024-02-21 21:49:29', '2024-02-21 21:49:29', NULL, false, 1), (9, '测试关联商机', 14, false, NULL, NULL, 1, 5, 7, 1, NULL, 0.000000, 0.000000, 0.000000, NULL, '1', '1', '2024-02-22 09:32:06', '2024-02-22 20:40:18', NULL, false, 1), (10, '测试某个状态', 14, false, NULL, NULL, 1, 4, 6, 3, NULL, 0.000000, 0.000000, 0.000000, NULL, '1', '1', '2024-02-22 19:55:25', '2024-02-22 20:36:49', NULL, false, 1), (11, '阿巴阿巴', 14, false, NULL, NULL, 1, 4, 6, 1, NULL, 0.000000, 0.000000, 0.000000, NULL, '1', '1', '2024-02-22 20:40:54', '2024-02-22 20:41:07', NULL, false, 1), (12, '演示商机', 16, false, NULL, NULL, 1, 6, 10, 3, NULL, 10110.300000, 20.000000, 8088.240000, NULL, '1', '1', '2024-02-24 00:12:04', '2024-02-24 00:16:31', NULL, false, 1), (13, '哈哈哈', 17, false, NULL, '2024-02-13 00:00:00', 1, 4, 5, NULL, '2024-02-13 00:00:00', 20020.000000, 20.000000, 16016.000000, NULL, '1', '1', '2024-02-24 00:23:03', '2024-02-24 11:16:42', NULL, false, 1), (14, '新的线索', 16, false, NULL, NULL, 1, 4, 5, NULL, NULL, 0.000000, 0.000000, 0.000000, NULL, '1', '1', '2024-02-24 14:50:30', '2024-02-24 14:50:30', NULL, false, 1);
COMMIT;
BEGIN;
INSERT INTO crm_business_product (id, business_id, product_id, product_price, business_price, count, total_price, creator, create_time, updater, update_time, deleted, tenant_id) VALUES (29, 5, 4, 10010.000000, 10010.000000, 1.000000, 10010.000000, '1', '2024-02-21 16:35:59', '1', '2024-02-21 09:42:54', true, 1), (30, 5, 4, 10010.000000, 10010.000000, 1.000000, 10010.000000, '1', '2024-02-21 17:42:54', '1', '2024-02-21 17:42:54', false, 1), (31, 5, 5, 100.300000, 200.000000, 1.000000, 200.000000, '1', '2024-02-21 17:42:54', '1', '2024-02-21 17:42:54', false, 1), (32, 6, 4, 10010.000000, 10010.000000, 1.000000, 10010.000000, '1', '2024-02-21 21:30:17', '1', '2024-02-21 21:30:17', false, 1), (33, 12, 4, 10010.000000, 10010.000000, 1.000000, 10010.000000, '1', '2024-02-24 00:12:04', '1', '2024-02-24 00:12:04', false, 1), (34, 12, 5, 100.300000, 100.300000, 1.000000, 100.300000, '1', '2024-02-24 00:12:04', '1', '2024-02-24 00:12:04', false, 1), (35, 13, 4, 10010.000000, 10010.000000, 1.000000, 10010.000000, '1', '2024-02-24 07:50:16', '1', '2024-02-24 07:50:16', false, 1), (36, 13, 4, 10010.000000, 10010.000000, 1.000000, 10010.000000, '1', '2024-02-24 07:50:16', '1', '2024-02-24 07:50:16', false, 1);
COMMIT;
BEGIN;
INSERT INTO crm_business_status (id, type_id, name, percent, sort, creator, create_time, updater, update_time, tenant_id, deleted) VALUES (4, 3, '小状态', 10, 1, '1', '2023-11-30 12:18:42', '', '2024-02-21 12:30:33', 1, false), (5, 4, '吃饭', 20, 0, '', '2024-02-21 12:54:57', '', '2024-02-21 13:49:11', 1, false), (6, 4, '睡觉', 30, 1, '', '2024-02-21 12:54:57', '', '2024-02-21 13:49:11', 1, false), (7, 5, '', 10, 0, '', '2024-02-21 12:56:49', '', '2024-02-21 12:57:36', 1, false), (8, 4, '阿豆豆', 10, 2, '', '2024-02-21 13:49:11', '', '2024-02-21 13:49:11', 1, false), (9, 6, '初步接触', 10, 0, '', '2024-02-23 15:58:25', '', '2024-02-23 15:58:25', 1, false), (10, 6, '需求分析', 20, 1, '', '2024-02-23 15:58:25', '', '2024-02-23 15:58:25', 1, false), (11, 6, '方案制定', 30, 2, '', '2024-02-23 15:58:25', '', '2024-02-23 15:58:25', 1, false);
COMMIT;
BEGIN;
INSERT INTO crm_business_status_type (id, name, dept_ids, creator, create_time, updater, update_time, tenant_id, deleted) VALUES (3, '大状态', '100,101', '1', '2023-11-30 12:18:22', '', '2024-02-21 12:34:10', 1, false), (4, '吃饭睡觉打豆豆', '', '1', '2024-02-21 20:54:58', '1', '2024-02-21 21:49:12', 1, false), (5, '测试一下', '103,105,106,107', '1', '2024-02-21 20:56:50', '1', '2024-02-21 20:57:37', 1, false), (6, '标准流程', '', '1', '2024-02-23 23:58:26', '1', '2024-02-23 23:58:26', 1, false);
COMMIT;
BEGIN;
INSERT INTO crm_clue (id, name, follow_up_status, contact_last_time, contact_last_content, contact_next_time, owner_user_id, transform_status, customer_id, mobile, telephone, qq, wechat, email, area_id, detail_address, industry_id, level, source, remark, creator, create_time, updater, update_time, deleted, tenant_id) VALUES (1, '我是线索baba', NULL, NULL, '测试一下内容', '2024-01-22 00:00:00', 1, NULL, NULL, '18818260278', '021-88288283', NULL, NULL, '76853423@qq.com', NULL, '某某小区', 1, 1, 1, NULL, '1', '2024-01-22 09:38:05', '1', '2024-02-19 10:56:17', false, 1), (2, '测试线索啊', false, '2024-02-19 18:56:35', NULL, '2024-02-22 00:00:00', 103, true, 5, '15601691388', '15601691389', '8888777', 'wang-server', '87684833@qq.com', 130102, '某个测试地址', 3, 2, 1, '写个备注', '1', '2024-02-19 18:56:35', '1', '2024-02-19 12:37:23', false, 1), (3, '测试一下', false, '2024-02-19 21:02:00', NULL, NULL, 1, true, 6, NULL, NULL, NULL, NULL, NULL, NULL, NULL, NULL, NULL, 2, NULL, '1', '2024-02-19 21:02:00', '1', '2024-02-19 13:03:32', true, 1), (4, '哈哈哈哈的线索', false, '2024-02-19 21:38:16', NULL, NULL, 1, true, 7, NULL, NULL, NULL, NULL, NULL, NULL, NULL, NULL, NULL, NULL, NULL, '1', '2024-02-19 21:38:16', '1', '2024-02-19 22:15:27', false, 1), (5, '再来一个线索', false, '2024-02-19 22:16:35', NULL, NULL, 1, true, 8, NULL, NULL, NULL, NULL, NULL, NULL, NULL, NULL, NULL, NULL, NULL, '1', '2024-02-19 22:16:35', '1', '2024-02-19 22:16:38', false, 1), (6, '线索一个', false, '2024-02-19 22:17:08', NULL, NULL, 1, true, 9, NULL, NULL, NULL, NULL, NULL, NULL, NULL, NULL, NULL, NULL, NULL, '1', '2024-02-19 22:17:08', '1', '2024-02-19 22:17:12', false, 1), (7, '信线索', false, '2024-02-19 22:24:30', NULL, NULL, 1, true, 10, NULL, NULL, NULL, NULL, NULL, NULL, NULL, NULL, NULL, NULL, NULL, '1', '2024-02-19 22:24:30', '1', '2024-02-19 22:46:36', false, 1), (8, '演示线索', false, NULL, NULL, NULL, 1, true, 16, NULL, NULL, NULL, NULL, NULL, NULL, NULL, NULL, NULL, NULL, NULL, '1', '2024-02-23 21:04:05', '1', '2024-02-23 21:16:14', false, 1);
COMMIT;
BEGIN;
INSERT INTO crm_contact (id, name, customer_id, contact_last_time, contact_last_content, contact_next_time, owner_user_id, mobile, telephone, email, qq, wechat, area_id, detail_address, sex, master, parent_id, post, remark, creator, create_time, updater, update_time, deleted, tenant_id) VALUES (9, '土豆', 2, '2024-01-17 00:00:00', NULL, '2024-01-26 23:10:11', NULL, '15601691300', '18818260277', NULL, NULL, NULL, 120101, '1111', 1, false, 11, 'CEO', NULL, '1', '2023-11-29 14:02:45', '1', '2024-01-03 23:17:17', false, 1), (10, '番茄', 2, NULL, NULL, NULL, NULL, '15601691301', NULL, NULL, NULL, NULL, NULL, NULL, NULL, false, 9, 'CTO', NULL, '1', '2023-11-29 14:02:45', '1', '2023-11-29 14:02:45', false, 1), (11, '深夜牛排', 3, '2024-01-22 09:35:23', '吃饭、睡觉、打逗逗', '2023-12-31 00:00:00', NULL, NULL, NULL, NULL, NULL, NULL, NULL, NULL, NULL, false, NULL, NULL, NULL, '1', '2024-01-03 23:16:54', '1', '2024-02-03 01:30:51', false, 1), (12, '测试名字', 12, NULL, NULL, NULL, '1', '15601691300', '15601691300', '312321@qq.com', 32, '321312', 110101, '321', 1, false, 12, '321321', '321321', '1', '2024-02-20 21:10:57', '1', '2024-02-20 21:11:33', false, 1), (13, 'AIYA', NULL, '2024-02-20 23:20:19', '啦啦啦', '2024-02-07 00:00:00', '112', NULL, NULL, NULL, NULL, NULL, NULL, NULL, NULL, false, NULL, NULL, NULL, '1', '2024-02-20 23:18:16', '1', '2024-02-24 11:43:05', false, 1), (14, '天哪', 14, NULL, NULL, NULL, NULL, NULL, NULL, NULL, NULL, NULL, NULL, NULL, NULL, false, NULL, NULL, NULL, '1', '2024-02-20 23:27:33', '1', '2024-02-20 23:27:33', false, 1), (15, '测试一个关联客户', 14, NULL, NULL, NULL, NULL, '15601691300', NULL, NULL, NULL, NULL, NULL, NULL, NULL, false, NULL, NULL, NULL, '1', '2024-02-22 09:08:12', '1', '2024-02-22 09:19:29', false, 1), (16, '演示联系人', 17, NULL, NULL, '2024-02-07 00:00:00', NULL, NULL, NULL, NULL, NULL, NULL, NULL, NULL, NULL, false, NULL, NULL, NULL, '1', '2024-02-23 23:16:43', '1', '2024-02-24 11:43:05', false, 1), (17, 'biubiu', 16, NULL, NULL, '2024-02-19 00:00:00', '1', NULL, NULL, NULL, NULL, NULL, NULL, NULL, NULL, false, NULL, NULL, NULL, '1', '2024-02-24 15:30:39', '1', '2024-02-24 15:42:41', false, 1);
COMMIT;
BEGIN;
INSERT INTO crm_contact_business (id, contact_id, business_id, creator, create_time, updater, update_time, deleted, tenant_id) VALUES (32, 15, 7, '1', '2024-02-22 09:08:12', '1', '2024-02-22 09:08:12', false, 1), (33, 15, 9, '1', '2024-02-22 09:32:09', '1', '2024-02-22 09:32:09', false, 1), (34, 16, 13, '1', '2024-02-24 00:23:03', '1', '2024-02-24 00:23:03', false, 1), (35, 17, 14, '1', '2024-02-24 19:28:51', '1', '2024-02-24 11:31:02', true, 1), (36, 17, 14, '1', '2024-02-24 19:31:07', '1', '2024-02-24 19:31:07', false, 1);
COMMIT;
BEGIN;
INSERT INTO crm_contract (id, name, no, customer_id, business_id, contact_last_time, owner_user_id, process_instance_id, audit_status, order_date, start_time, end_time, total_product_price, discount_percent, total_price, sign_contact_id, sign_user_id, remark, creator, create_time, updater, update_time, deleted, tenant_id) VALUES (2, '我是合同', 'Q100', 12, 11, '2024-02-19 20:01:17', 100, NULL, 20, '2024-02-02 00:00:00', '2024-02-23 00:00:00', '2024-02-28 00:00:00', 2.000000, 1.000000, 200.00, 15, 1, '测试', '1', '2024-02-01 13:24:26', '1', '2024-02-22 13:33:34', false, 1), (4, '测试合同', '1708617038936', 14, 9, '2024-02-23 09:30:41', 1, '466480fe-d1ed-11ee-a436-8a9af48de719', 20, '2024-02-22 00:00:00', '2024-02-06 00:00:00', '2024-02-13 00:00:00', 10010.000000, 0.000000, 10010.00, 14, 1, NULL, '1', '2024-02-22 23:50:39', '1', '2024-02-23 12:27:42', false, 1), (5, '阿巴阿巴', '1708664618781', 14, NULL, NULL, 1, 'e9e87175-d208-11ee-ba3b-5e0431cb568f', 20, '2024-02-19 00:00:00', NULL, NULL, 0.000000, 0.000000, 0.00, NULL, NULL, NULL, '1', '2024-02-23 13:03:39', '1', '2024-02-23 13:04:06', false, 1), (6, '阿巴', '1708668768747', 14, NULL, NULL, 1, '92b0f9a5-d212-11ee-ba3b-5e0431cb568f', 10, '2024-02-19 00:00:00', NULL, NULL, 0.000000, 0.000000, 0.00, NULL, NULL, NULL, '1', '2024-02-23 14:12:49', '1', '2024-02-23 14:12:51', false, 1), (7, 'hhhh', 'HT20240223000001', 14, NULL, NULL, 1, NULL, 0, '2024-02-13 00:00:00', NULL, NULL, 0.000000, 0.000000, 0.00, NULL, NULL, NULL, '1', '2024-02-23 16:35:12', '1', '2024-02-23 16:35:12', false, 1), (8, '演示合同', 'HT20240224000001', 16, 12, NULL, 1, 'b65ac482-d2a6-11ee-a703-92ff8e2e5a3e', 10, '2024-02-07 00:00:00', NULL, NULL, 10110.300000, 30.000000, 7077.21, NULL, NULL, NULL, '1', '2024-02-24 07:51:48', '1', '2024-02-24 00:03:52', true, 1), (9, '演示合同', 'HT20240224000002', 17, 13, NULL, 1, 'f26ee84a-d2a7-11ee-b20a-8adfac90dc14', 10, '2024-02-13 00:00:00', '2024-02-13 00:00:00', '2024-02-06 00:00:00', 20020.000000, 30.000000, 14014.00, 16, 104, NULL, '1', '2024-02-24 08:02:02', '1', '2024-02-24 00:03:54', true, 1), (10, '演示合同', 'HT20240224000003', 16, 12, NULL, 1, '44d40c17-d2a8-11ee-b20a-8adfac90dc14', 20, '2024-02-07 00:00:00', '2024-02-20 00:00:00', '2024-02-06 00:00:00', 10110.300000, 20.000000, 8088.24, NULL, 1, NULL, '1', '2024-02-24 08:04:22', '1', '2024-02-24 08:07:37', false, 1), (11, '哈哈哈哈', 'HT20240224000004', 17, 13, NULL, 1, NULL, 0, '2024-02-06 00:00:00', NULL, NULL, 20020.000000, 20.000000, 16016.00, NULL, NULL, NULL, '1', '2024-02-24 16:06:37', '1', '2024-02-24 16:06:37', false, 1), (12, '测试过期合同', 'HT20240224000005', 16, 14, NULL, 1, '1e0ef39c-d2f9-11ee-9d72-262f9d5f4efd', 20, '2024-02-15 00:00:00', NULL, '2024-02-25 00:00:00', 0.000000, 0.000000, 0.00, NULL, NULL, NULL, '1', '2024-02-24 17:43:06', '1', '2024-02-24 17:43:13', false, 1), (13, '演示回款的合同', 'HT20240225000001', 17, 13, NULL, 1, '7981141f-d3f3-11ee-853e-2ea58da017f0', 20, '2024-02-29 00:00:00', '2024-02-12 00:00:00', '2024-02-29 00:00:00', 20020.000000, 20.000000, 16016.00, 16, 1, NULL, '1', '2024-02-25 23:35:14', '1', '2024-02-25 23:35:36', false, 1);
COMMIT;
BEGIN;
INSERT INTO crm_contract_config (id, notify_enabled, notify_days, creator, create_time, updater, update_time, deleted, tenant_id) VALUES (1, 1, 7, '1', '2023-11-18 21:52:52', '1', '2024-02-24 16:50:53', false, 1);
COMMIT;
BEGIN;
INSERT INTO crm_contract_product (id, contract_id, product_id, product_price, contract_price, count, total_price, creator, create_time, updater, update_time, deleted, tenant_id) VALUES (29, 5, 4, 10010.000000, 10010.000000, 1.000000, 10010.000000, '1', '2024-02-21 16:35:59', '1', '2024-02-21 09:42:54', true, 1), (30, 5, 4, 10010.000000, 10010.000000, 1.000000, 10010.000000, '1', '2024-02-21 17:42:54', '1', '2024-02-21 17:42:54', false, 1), (31, 5, 5, 100.300000, 200.000000, 1.000000, 200.000000, '1', '2024-02-21 17:42:54', '1', '2024-02-21 17:42:54', false, 1), (32, 6, 4, 10010.000000, 10010.000000, 1.000000, 10010.000000, '1', '2024-02-21 21:30:17', '1', '2024-02-21 21:30:17', false, 1), (33, 4, 5, 100.300000, 100.300000, 1.000000, 100.300000, '1', '2024-02-23 00:04:37', '1', '2024-02-22 16:04:43', true, 1), (34, 4, 5, 100.300000, 100.300000, 1.000000, 100.300000, '1', '2024-02-23 00:04:44', '1', '2024-02-22 16:19:54', true, 1), (35, 4, 5, 100.300000, 100.300000, 1.000000, 100.300000, '1', '2024-02-23 00:04:44', '1', '2024-02-22 16:19:54', true, 1), (36, 4, 4, 10010.000000, 220.000000, 1.000000, 220.000000, '1', '2024-02-23 00:19:54', '1', '2024-02-22 16:19:59', true, 1), (37, 4, 5, 100.300000, 200.000000, 1.000000, 200.000000, '1', '2024-02-23 00:19:54', '1', '2024-02-22 16:19:59', true, 1), (38, 4, 4, 10010.000000, 10010.000000, 1.000000, 10010.000000, '1', '2024-02-23 08:44:12', '1', '2024-02-23 08:44:12', false, 1), (39, 8, 4, 10010.000000, 10010.000000, 1.000000, 10010.000000, '1', '2024-02-24 07:51:48', '1', '2024-02-24 07:51:48', false, 1), (40, 8, 5, 100.300000, 100.300000, 1.000000, 100.300000, '1', '2024-02-24 07:51:48', '1', '2024-02-24 07:51:48', false, 1), (41, 9, 4, 10010.000000, 10010.000000, 1.000000, 10010.000000, '1', '2024-02-24 08:02:02', '1', '2024-02-24 08:02:02', false, 1), (42, 9, 4, 10010.000000, 10010.000000, 1.000000, 10010.000000, '1', '2024-02-24 08:02:02', '1', '2024-02-24 08:02:02', false, 1), (43, 10, 4, 10010.000000, 10010.000000, 1.000000, 10010.000000, '1', '2024-02-24 08:04:22', '1', '2024-02-24 08:04:22', false, 1), (44, 10, 5, 100.300000, 100.300000, 1.000000, 100.300000, '1', '2024-02-24 08:04:22', '1', '2024-02-24 08:04:22', false, 1), (45, 11, 4, 10010.000000, 10010.000000, 1.000000, 10010.000000, '1', '2024-02-24 16:06:37', '1', '2024-02-24 16:06:37', false, 1), (46, 11, 4, 10010.000000, 10010.000000, 1.000000, 10010.000000, '1', '2024-02-24 16:06:37', '1', '2024-02-24 16:06:37', false, 1), (47, 13, 4, 10010.000000, 10010.000000, 1.000000, 10010.000000, '1', '2024-02-25 23:35:14', '1', '2024-02-25 23:35:14', false, 1), (48, 13, 4, 10010.000000, 10010.000000, 1.000000, 10010.000000, '1', '2024-02-25 23:35:14', '1', '2024-02-25 23:35:14', false, 1);
COMMIT;
BEGIN;
INSERT INTO crm_customer (id, name, follow_up_status, contact_last_time, contact_last_content, contact_next_time, owner_user_id, owner_time, lock_status, deal_status, mobile, telephone, qq, wechat, email, area_id, detail_address, industry_id, level, source, remark, creator, create_time, updater, update_time, deleted, tenant_id) VALUES (12, '测试公海逻辑', 0, NULL, NULL, '2024-02-20 19:28:59', 103, '2024-02-20 20:02:19', false, false, NULL, NULL, NULL, NULL, NULL, NULL, NULL, NULL, NULL, NULL, NULL, '1', '2024-02-20 17:41:26', '1', '2024-02-20 20:02:19', false, 1), (13, '呵呵哒', 0, NULL, NULL, NULL, NULL, '2024-02-20 20:17:42', false, false, NULL, NULL, NULL, NULL, NULL, NULL, NULL, NULL, NULL, NULL, NULL, '1', '2024-02-20 20:17:42', '1', '2024-02-20 12:35:56', false, 1), (14, '啦啦啦', 0, NULL, NULL, '2024-02-29 00:00:00', NULL, '2024-02-20 21:39:40', false, false, '18818260277', '18818260277', NULL, 'wang-server', NULL, 130304, '阿巴都', 2, 3, 1, NULL, '1', '2024-02-20 21:39:40', '1', '2024-02-23 14:30:34', false, 1), (15, '小土豆', 0, NULL, NULL, '2024-03-02 00:00:00', NULL, '2024-02-23 00:09:46', false, false, '18248472642', NULL, NULL, NULL, '768423@qq.com', NULL, NULL, 2, 2, 3, NULL, '1', '2024-02-23 00:09:46', '1', '2024-02-23 14:23:35', false, 1), (16, '演示线索', 1, '2024-02-24 15:42:41', '111', '2024-02-19 00:00:00', 1, '2024-02-23 21:16:14', false, false, NULL, NULL, NULL, NULL, NULL, NULL, NULL, NULL, NULL, NULL, NULL, '1', '2024-02-23 21:16:14', '1', '2024-02-24 15:42:41', false, 1), (17, '演示客户', 0, NULL, NULL, NULL, NULL, '2024-02-20 23:05:17', false, false, '18818260223', '18818260223', NULL, NULL, '768885413@qq.com', NULL, NULL, NULL, NULL, 1, NULL, '1', '2024-02-23 22:04:53', '1', '2024-02-26 01:36:21', false, 1);
COMMIT;
BEGIN;
INSERT INTO crm_customer_limit_config (id, type, user_ids, dept_ids, max_count, deal_count_enabled, creator, create_time, updater, update_time, deleted, tenant_id) VALUES (1, 1, '1,103', '100', 999, 0, '1', '2023-11-18 22:04:11', '1', '2024-02-23 22:53:34', false, 1), (2, 2, '104', '100', 1000, 0, '1', '2024-02-23 22:53:24', '1', '2024-02-23 22:53:29', false, 1);
COMMIT;
BEGIN;
INSERT INTO crm_customer_pool_config (id, enabled, contact_expire_days, deal_expire_days, notify_enabled, notify_days, creator, create_time, updater, update_time, deleted, tenant_id) VALUES (1, 1, 31, 5, 1, 2, '1', '2023-11-18 21:52:52', '1', '2024-02-20 17:40:47', false, 1);
COMMIT;
BEGIN;
INSERT INTO crm_follow_up_record (id, biz_type, biz_id, type, content, next_time, pic_urls, file_urls, business_ids, contact_ids, creator, create_time, updater, update_time, deleted, tenant_id) VALUES (2, 2, 4, 1, '<p>132312</p>', '2024-01-24 00:00:00', NULL, NULL, '', '', '1', '2024-01-15 20:49:30', '1', '2024-01-15 20:49:30', false, 1), (3, 2, 2, 1, '吃饭、睡觉、打逗逗', '2023-12-31 00:00:00', 'http://test.yudao.iocoder.cn/bd16ec4f875e9739733f86bcf98f6a15735c1ffa9a7af907131c9debba043a18.png', NULL, '', '11', '1', '2024-01-22 09:35:23', '1', '2024-01-22 09:35:23', false, 1), (4, 2, 3, 1, '11', '2024-02-06 00:00:00', NULL, NULL, '', '', '1', '2024-02-03 01:33:42', '1', '2024-02-03 01:33:42', false, 1), (5, 2, 3, 1, '11', '2024-02-06 00:00:00', NULL, NULL, '', '', '1', '2024-02-03 01:33:56', '1', '2024-02-03 01:33:56', false, 1), (6, 1, 2, 1, '啦啦啦啦', '2024-02-06 00:00:00', NULL, NULL, '', '', '1', '2024-02-19 20:01:17', '1', '2024-02-19 20:01:17', false, 1), (7, 2, 5, 1, '啦啦啦啦', '2024-02-06 00:00:00', NULL, NULL, '', '', '1', '2024-02-19 20:18:47', '1', '2024-02-19 20:18:47', false, 1), (8, 1, 4, 2, '啦啦啦', '2024-02-13 00:00:00', NULL, NULL, '', '', '1', '2024-02-19 21:38:37', '1', '2024-02-19 21:38:37', false, 1), (9, 2, 7, 2, '啦啦啦', '2024-02-13 00:00:00', NULL, NULL, '', '', '1', '2024-02-19 22:15:27', '1', '2024-02-19 22:15:27', false, 1), (10, 2, 2, 3, '小土豆', '2024-02-26 00:00:00', NULL, NULL, '', '', '1', '2024-02-20 13:08:26', '1', '2024-02-20 13:08:26', false, 1), (11, 2, 2, 3, '小土豆', '2024-02-26 00:00:00', NULL, NULL, '', '', '1', '2024-02-20 13:08:33', '1', '2024-02-20 13:08:33', false, 1), (12, 2, 2, 3, '小土豆', '2024-02-26 00:00:00', NULL, NULL, '', '', '1', '2024-02-20 13:09:05', '1', '2024-02-20 13:09:05', false, 1), (13, 2, 2, 3, '小土豆', '2024-02-26 00:00:00', NULL, NULL, '', '', '1', '2024-02-20 13:09:07', '1', '2024-02-20 13:09:07', false, 1), (14, 2, 2, 3, '小土豆', '2024-02-26 00:00:00', NULL, NULL, '', '', '1', '2024-02-20 13:09:43', '1', '2024-02-20 13:09:43', false, 1), (15, 2, 2, 3, '小土豆', '2024-02-26 00:00:00', NULL, NULL, '', '', '1', '2024-02-20 13:10:11', '1', '2024-02-20 13:10:11', false, 1), (16, 2, 2, 3, '小土豆', '2024-02-26 00:00:00', NULL, NULL, '', '', '1', '2024-02-20 13:10:14', '1', '2024-02-20 13:10:14', false, 1), (17, 2, 2, 2, '31231', '2024-02-06 00:00:00', NULL, NULL, '', '', '1', '2024-02-20 13:11:23', '1', '2024-02-20 13:11:23', false, 1), (18, 2, 2, 2, '31231', '2024-02-06 00:00:00', NULL, NULL, '', '', '1', '2024-02-20 13:12:12', '1', '2024-02-20 13:12:12', false, 1), (19, 2, 2, 2, '31231', '2024-02-06 00:00:00', NULL, NULL, '', '', '1', '2024-02-20 13:14:55', '1', '2024-02-20 13:14:55', false, 1), (20, 2, 2, 1, '来一个跟进记录', '2024-02-12 00:00:00', NULL, NULL, '', '', '1', '2024-02-20 13:15:47', '1', '2024-02-20 13:15:47', false, 1), (21, 2, 11, 2, '吧', '2024-02-15 00:00:00', NULL, NULL, '', '', '1', '2024-02-20 13:16:40', '1', '2024-02-20 13:16:40', false, 1), (22, 3, 12, 2, '111', '2024-02-21 00:00:00', NULL, NULL, '', '', '1', '2024-02-20 23:15:35', '1', '2024-02-20 23:15:35', false, 1), (23, 3, 12, 2, '111', '2024-02-21 00:00:00', NULL, NULL, '', '', '1', '2024-02-20 23:17:05', '1', '2024-02-20 23:17:05', false, 1), (24, 3, 13, 2, '啦啦啦', '2024-02-25 00:00:00', NULL, NULL, '', '', '1', '2024-02-20 23:18:26', '1', '2024-02-20 23:18:26', false, 1), (25, 3, 13, 2, '啦啦啦', '2024-02-25 00:00:00', NULL, NULL, '', '', '1', '2024-02-20 23:18:56', '1', '2024-02-20 23:18:56', false, 1), (26, 3, 13, 2, '啦啦啦', '2024-02-25 00:00:00', NULL, NULL, '', '', '1', '2024-02-20 23:19:03', '1', '2024-02-20 23:19:03', false, 1), (27, 3, 13, 2, '啦啦啦', '2024-02-25 00:00:00', NULL, NULL, '', '', '1', '2024-02-20 23:19:25', '1', '2024-02-20 23:19:25', false, 1), (28, 3, 13, 2, '啦啦啦', '2024-02-25 00:00:00', NULL, NULL, '', '', '1', '2024-02-20 23:20:19', '1', '2024-02-20 23:20:19', false, 1), (29, 4, 6, 2, '哈哈哈', '2024-02-20 00:00:00', NULL, NULL, '', '', '1', '2024-02-21 23:35:46', '1', '2024-02-21 23:35:46', false, 1), (30, 5, 4, 1, '阿巴阿巴', '2024-02-20 00:00:00', NULL, NULL, '', '', '1', '2024-02-23 09:30:41', '1', '2024-02-23 09:30:41', false, 1), (31, 2, 16, 1, '阿巴阿巴', '2024-02-13 00:00:00', 'null', 'null', '13', '16', '1', '2024-02-24 11:16:42', '1', '2024-02-24 11:16:42', false, 1), (32, 2, 16, 1, '哈哈哈哈', '2024-02-07 00:00:00', NULL, NULL, '', '16,13,13', '1', '2024-02-24 11:43:05', '1', '2024-02-24 11:43:05', false, 1), (33, 2, 16, 1, '111', '2024-02-19 00:00:00', NULL, NULL, '', '17', '1', '2024-02-24 15:42:41', '1', '2024-02-24 07:43:59', true, 1);
COMMIT;
BEGIN;
INSERT INTO crm_permission (id, biz_type, biz_id, user_id, level, creator, create_time, updater, update_time, deleted, tenant_id) VALUES (21, 2, 2, 1, 1, '1', '2023-11-25 10:38:05', '1', '2023-12-26 22:20:30', true, 1), (22, 3, 9, 1, 1, '1', '2023-11-29 14:02:45', '1', '2023-11-29 14:02:45', false, 1), (25, 6, 4, 1, 1, '1', '2023-12-06 09:10:06', '1', '2023-12-06 09:10:06', false, 1), (26, 2, 3, 1, 1, '1', '2023-12-30 20:59:05', '1', '2024-02-02 17:37:29', true, 1), (27, 2, 3, 114, 3, '1', '2024-01-03 14:38:54', '1', '2024-01-03 14:42:46', false, 1), (28, 2, 3, 103, 2, '1', '2024-01-03 14:42:55', '1', '2024-01-03 14:42:55', false, 1), (29, 3, 11, 1, 1, '1', '2024-01-03 23:16:54', '1', '2024-01-03 23:16:54', false, 1), (30, 6, 5, 1, 1, '1', '2024-01-13 10:13:33', '1', '2024-01-13 10:13:33', false, 1), (31, 2, 4, 1, 1, '1', '2024-01-15 13:49:09', '1', '2023-12-29 19:52:55', true, 1), (32, 2, 2, 1, 1, '1', '2024-01-20 19:16:32', '1', '2024-01-20 19:16:32', false, 1), (33, 1, 1, 1, 1, '1', '2024-01-22 09:38:05', '1', '2024-01-22 09:38:05', false, 1), (34, 5, 2, 1, 1, '1', '2024-02-01 13:24:26', '1', '2024-02-01 13:24:26', false, 1), (35, 5, 3, 1, 1, '1', '2024-02-01 13:26:04', '1', '2024-02-01 13:26:04', false, 1), (36, 1, 2, 1, 2, '1', '2024-02-19 18:56:35', '1', '2024-02-19 20:37:24', false, 1), (37, 2, 5, 1, 1, '1', '2024-02-19 20:18:47', '1', '2024-02-19 20:18:47', false, 1), (38, 1, 2, 103, 1, '1', '2024-02-19 20:37:24', '1', '2024-02-19 20:37:24', false, 1), (39, 1, 3, 1, 1, '1', '2024-02-19 21:02:00', '1', '2024-02-19 13:03:32', true, 1), (40, 2, 6, 1, 1, '1', '2024-02-19 21:02:42', '1', '2024-02-19 21:02:42', false, 1), (41, 1, 4, 1, 1, '1', '2024-02-19 21:38:16', '1', '2024-02-19 21:38:16', false, 1), (42, 2, 7, 1, 1, '1', '2024-02-19 22:15:27', '1', '2024-02-19 22:15:27', false, 1), (43, 1, 5, 1, 1, '1', '2024-02-19 22:16:35', '1', '2024-02-19 22:16:35', false, 1), (44, 2, 8, 1, 1, '1', '2024-02-19 22:16:38', '1', '2024-02-19 22:16:38', false, 1), (45, 1, 6, 1, 1, '1', '2024-02-19 22:17:08', '1', '2024-02-19 22:17:08', false, 1), (46, 2, 9, 1, 1, '1', '2024-02-19 22:17:12', '1', '2024-02-19 22:17:12', false, 1), (47, 1, 7, 1, 1, '1', '2024-02-19 22:24:30', '1', '2024-02-19 22:24:30', false, 1), (48, 2, 10, 1, 1, '1', '2024-02-19 22:46:36', '1', '2024-02-19 22:46:36', false, 1), (49, 2, 11, 1, 1, '1', '2024-02-20 13:16:30', '1', '2024-02-20 13:16:30', false, 1), (50, 2, 12, 1, 1, '1', '2024-02-20 17:41:26', '1', '2024-02-20 10:56:43', true, 1), (51, 2, 12, 1, 1, '1', '2024-02-20 19:03:40', '1', '2024-02-20 11:40:59', true, 1), (52, 2, 12, 103, 1, '1', '2024-02-20 20:02:20', '1', '2024-02-20 20:02:20', false, 1), (53, 2, 13, 1, 1, '1', '2024-02-20 20:17:42', '1', '2024-02-20 12:35:56', true, 1), (54, 3, 12, 1, 1, '1', '2024-02-20 21:10:57', '1', '2024-02-20 21:10:57', false, 1), (55, 2, 14, 1, 1, '1', '2024-02-20 21:39:40', '1', '2024-02-23 14:30:34', true, 1), (56, 3, 13, 1, 3, '1', '2024-02-20 23:18:16', '1', '2024-02-20 23:21:14', false, 1), (57, 3, 13, 112, 1, '1', '2024-02-20 23:21:14', '1', '2024-02-20 23:21:14', false, 1), (58, 3, 14, 1, 1, '1', '2024-02-20 23:27:33', '1', '2024-02-20 23:27:33', false, 1), (59, 4, 4, 1, 1, '1', '2024-02-20 23:27:33', '1', '2024-02-21 13:52:06', true, 1), (60, 4, 5, 1, 1, '1', '2024-02-21 16:35:59', '1', '2024-02-21 16:35:59', false, 1), (61, 4, 6, 1, 1, '1', '2024-02-21 21:30:17', '1', '2024-02-21 21:30:17', false, 1), (62, 4, 7, 1, 1, '1', '2024-02-21 21:48:20', '1', '2024-02-21 21:48:20', false, 1), (63, 4, 8, 1, 1, '1', '2024-02-21 21:49:29', '1', '2024-02-21 15:49:26', true, 1), (64, 4, 8, 103, 1, '1', '2024-02-21 23:49:27', '1', '2024-02-21 23:49:27', false, 1), (65, 4, 7, 104, 3, '1', '2024-02-21 23:53:27', '1', '2024-02-21 23:53:27', false, 1), (66, 3, 15, 1, 1, '1', '2024-02-22 09:08:12', '1', '2024-02-22 09:08:12', false, 1), (67, 4, 9, 1, 1, '1', '2024-02-22 09:32:06', '1', '2024-02-22 09:32:06', false, 1), (68, 4, 10, 1, 1, '1', '2024-02-22 19:55:25', '1', '2024-02-22 19:55:25', false, 1), (69, 4, 11, 1, 1, '1', '2024-02-22 20:40:54', '1', '2024-02-22 20:40:54', false, 1), (70, 5, 4, 1, 1, '1', '2024-02-22 23:50:39', '1', '2024-02-22 23:50:39', false, 1), (71, 2, 15, 1, 1, '1', '2024-02-23 00:09:46', '1', '2024-02-23 14:23:35', true, 1), (72, 5, 5, 1, 1, '1', '2024-02-23 13:03:39', '1', '2024-02-23 13:03:39', false, 1), (73, 5, 6, 1, 1, '1', '2024-02-23 14:12:49', '1', '2024-02-23 14:12:49', false, 1), (74, 5, 7, 1, 1, '1', '2024-02-23 16:35:12', '1', '2024-02-23 16:35:12', false, 1), (75, 1, 8, 1, 1, '1', '2024-02-23 21:04:05', '1', '2024-02-23 21:04:05', false, 1), (76, 2, 16, 1, 1, '1', '2024-02-23 21:16:14', '1', '2024-02-23 21:16:14', false, 1), (77, 2, 17, 1, 1, '1', '2024-02-23 22:04:53', '1', '2024-02-23 14:16:40', true, 1), (78, 2, 17, 1, 1, '1', '2024-02-23 23:05:17', '1', '2024-02-26 01:36:21', true, 1), (79, 3, 16, 1, 1, '1', '2024-02-23 23:16:43', '1', '2024-02-23 23:16:43', false, 1), (80, 4, 12, 1, 1, '1', '2024-02-24 00:12:04', '1', '2024-02-24 00:12:04', false, 1), (81, 4, 13, 1, 1, '1', '2024-02-24 00:23:03', '1', '2024-02-24 00:23:03', false, 1), (82, 5, 8, 1, 1, '1', '2024-02-24 07:51:48', '1', '2024-02-24 00:03:52', true, 1), (83, 5, 9, 1, 1, '1', '2024-02-24 08:02:02', '1', '2024-02-24 00:03:54', true, 1), (84, 5, 10, 1, 1, '1', '2024-02-24 08:04:22', '1', '2024-02-24 08:04:22', false, 1), (85, 6, 6, 1, 1, '1', '2024-02-24 09:46:17', '1', '2024-02-24 09:46:17', false, 1), (86, 4, 14, 1, 1, '1', '2024-02-24 14:50:30', '1', '2024-02-24 14:50:30', false, 1), (87, 3, 17, 1, 1, '1', '2024-02-24 15:30:39', '1', '2024-02-24 15:30:39', false, 1), (88, 5, 11, 1, 1, '1', '2024-02-24 16:06:37', '1', '2024-02-24 16:06:37', false, 1), (89, 5, 12, 1, 1, '1', '2024-02-24 17:43:06', '1', '2024-02-24 17:43:06', false, 1), (90, 8, 2, 1, 1, '1', '2024-02-25 08:24:09', '1', '2024-02-25 08:24:09', false, 1), (91, 7, 11, 1, 1, '1', '2024-02-25 09:17:22', '1', '2024-02-25 09:17:22', false, 1), (92, 8, 3, 1, 1, '1', '2024-02-25 15:59:23', '1', '2024-02-25 15:59:23', false, 1), (93, 8, 4, 1, 1, '1', '2024-02-25 16:08:57', '1', '2024-02-25 16:08:57', false, 1), (94, 7, 12, 1, 1, '1', '2024-02-25 17:19:54', '1', '2024-02-25 17:19:54', false, 1), (95, 7, 13, 1, 1, '1', '2024-02-25 18:13:42', '1', '2024-02-25 18:13:42', false, 1), (96, 8, 5, 1, 1, '1', '2024-02-25 18:24:00', '1', '2024-02-25 18:24:00', false, 1), (97, 7, 14, 1, 1, '1', '2024-02-25 18:24:42', '1', '2024-02-25 18:24:42', false, 1), (98, 7, 15, 1, 1, '1', '2024-02-25 18:27:45', '1', '2024-02-25 18:27:45', false, 1), (99, 7, 16, 1, 1, '1', '2024-02-25 18:28:37', '1', '2024-02-25 18:28:37', false, 1), (100, 7, 17, 1, 1, '1', '2024-02-25 18:29:47', '1', '2024-02-25 18:29:47', false, 1), (101, 7, 18, 1, 1, '1', '2024-02-25 18:30:08', '1', '2024-02-25 18:30:08', false, 1), (102, 7, 19, 1, 1, '1', '2024-02-25 18:31:00', '1', '2024-02-25 18:31:00', false, 1), (103, 7, 20, 1, 1, '1', '2024-02-25 18:32:10', '1', '2024-02-25 18:32:10', false, 1), (104, 7, 21, 1, 1, '1', '2024-02-25 18:32:27', '1', '2024-02-25 18:32:27', false, 1), (105, 7, 22, 1, 1, '1', '2024-02-25 18:33:35', '1', '2024-02-25 18:33:35', false, 1), (106, 7, 23, 1, 1, '1', '2024-02-25 18:43:59', '1', '2024-02-25 18:43:59', false, 1), (107, 7, 23, 114, 2, '1', '2024-02-25 19:32:14', '1', '2024-02-25 19:32:14', false, 1), (108, 7, 24, 1, 1, '1', '2024-02-25 19:59:06', '1', '2024-02-25 19:59:06', false, 1), (109, 8, 6, 1, 1, '1', '2024-02-25 20:11:49', '1', '2024-02-25 20:11:49', false, 1), (110, 7, 25, 1, 1, '1', '2024-02-25 20:17:52', '1', '2024-02-25 20:17:52', false, 1), (111, 7, 26, 1, 1, '1', '2024-02-25 20:21:12', '1', '2024-02-25 20:21:12', false, 1), (112, 7, 27, 1, 1, '1', '2024-02-25 20:22:36', '1', '2024-02-25 20:22:36', false, 1), (113, 7, 28, 1, 1, '1', '2024-02-25 20:49:27', '1', '2024-02-25 20:49:27', false, 1), (114, 5, 13, 1, 1, '1', '2024-02-25 23:35:14', '1', '2024-02-25 23:35:14', false, 1), (115, 7, 29, 1, 1, '1', '2024-02-25 23:40:10', '1', '2024-02-25 23:40:10', false, 1), (116, 8, 7, 1, 1, '1', '2024-02-26 00:08:48', '1', '2024-02-26 00:08:48', false, 1), (117, 8, 8, 1, 1, '1', '2024-02-26 00:11:02', '1', '2024-02-26 00:11:02', false, 1), (118, 7, 30, 1, 1, '1', '2024-02-26 09:37:07', '1', '2024-02-26 09:37:07', false, 1);
COMMIT;
BEGIN;
INSERT INTO crm_product (id, name, no, unit, price, status, category_id, description, owner_user_id, creator, create_time, updater, update_time, tenant_id, deleted) VALUES (3, '商品001', 'X001', 1, 100.000000, 1, 1, '我就介绍下', 1, '1', '2023-12-05 14:52:01', '', '2023-12-05 15:04:59', 1, false), (4, '商品002', 'Q200', 1, 10010.000000, 0, 2, NULL, 1, '1', '2023-12-06 09:10:06', '1', '2023-12-06 12:31:01', 1, false), (5, '我是产品', 'A110', 1, 100.300000, 0, 2, '啦啦啦啦', 1, '1', '2024-01-13 10:13:33', '1', '2024-02-21 11:23:11', 1, false), (6, '演示产品', 'A8523', 3, 10.000000, 0, 2, NULL, 1, '1', '2024-02-24 09:46:17', '1', '2024-02-24 09:46:17', 1, false);
COMMIT;
BEGIN;
INSERT INTO crm_product_category (id, name, parent_id, creator, create_time, updater, update_time, deleted, tenant_id) VALUES (1, '普通分类', 0, '', '2023-12-05 14:54:34', '', '2023-12-05 14:54:37', false, 1), (2, '二级分类', 1, '', '2023-12-06 01:09:27', '1', '2024-02-24 08:59:02', false, 1), (6, '另外一个分类', 0, '1', '2023-12-06 12:55:07', '1', '2023-12-06 12:55:07', false, 1);
COMMIT;
BEGIN;
INSERT INTO crm_receivable (id, no, plan_id, customer_id, contract_id, owner_user_id, audit_status, process_instance_id, return_time, return_type, price, remark, creator, create_time, updater, update_time, deleted, tenant_id) VALUES (10, 'Q233', 1, 2, 1, 1, 20, NULL, '2024-02-02 19:02:17', 1, 88.000000, NULL, '1', '2023-12-01 10:44:16', '', '2024-02-02 17:06:38', false, 1), (11, 'AAA', 2, 16, 12, 1, 0, NULL, '2024-02-14 00:00:00', 2, 52.000000, '1000', '1', '2024-02-25 09:17:22', '1', '2024-02-25 09:17:22', false, 1), (13, 'HK20240225000001', NULL, 16, 12, 1, 0, NULL, '2024-02-27 00:00:00', 3, 10.000000, '哈哈哈哈', '1', '2024-02-25 18:13:42', '1', '2024-02-25 18:13:42', false, 1), (14, 'HK20240225000002', 5, 16, 12, 1, 0, NULL, '2024-02-27 00:00:00', 4, 20.000000, '哈哈哈哈', '1', '2024-02-25 18:24:42', '1', '2024-02-25 18:25:10', false, 1), (15, 'HK20240225000003', 5, 16, 12, 1, 0, NULL, '2024-02-14 00:00:00', 4, 10.000000, NULL, '1', '2024-02-25 18:27:45', '1', '2024-02-25 18:27:45', false, 1), (16, 'HK20240225000004', 5, 16, 12, 1, 0, NULL, '2024-02-19 00:00:00', 4, 10.000000, NULL, '1', '2024-02-25 18:28:37', '1', '2024-02-25 18:28:37', false, 1), (17, 'HK20240225000005', 5, 16, 12, 1, 0, NULL, '2024-02-27 00:00:00', 4, 10.000000, NULL, '1', '2024-02-25 18:29:47', '1', '2024-02-25 18:29:47', false, 1), (18, 'HK20240225000006', 5, 16, 12, 1, 0, NULL, '2024-02-27 00:00:00', 4, 10.000000, NULL, '1', '2024-02-25 18:30:08', '1', '2024-02-25 18:30:08', false, 1), (19, 'HK20240225000007', 5, 16, 12, 1, 0, NULL, '2024-03-04 00:00:00', 4, 10.000000, '31321', '1', '2024-02-25 18:31:00', '1', '2024-02-25 18:31:00', false, 1), (20, 'HK20240225000008', NULL, 16, 12, 1, 0, NULL, '2024-02-29 00:00:00', 5, 0.000000, NULL, '1', '2024-02-25 18:32:10', '1', '2024-02-25 18:32:10', false, 1), (21, 'HK20240225000009', 5, 16, 12, 1, 0, NULL, '2024-02-19 00:00:00', 4, 10.000000, NULL, '1', '2024-02-25 18:32:27', '1', '2024-02-25 18:32:27', false, 1), (22, 'HK20240225000010', 5, 16, 12, 1, 0, NULL, '2024-02-28 00:00:00', 4, 10.000000, '32321', '1', '2024-02-25 18:33:35', '1', '2024-02-25 19:58:45', false, 1), (23, 'HK20240225000011', 4, 16, 12, 1, 20, '8886586f-d3d3-11ee-aa2f-26aa5e0b65cc', '2024-02-29 00:00:00', 2, 10.000000, '哈哈哈哈111', '1', '2024-02-25 18:43:59', '1', '2024-02-25 19:51:00', false, 1), (24, 'HK20240225000012', NULL, 16, 12, 1, 0, NULL, '2024-02-16 00:00:00', 1, 0.000000, '3232312', '1', '2024-02-25 19:59:06', '1', '2024-02-25 19:59:06', false, 1), (25, 'HK20240225000013', 6, 16, 12, 1, 0, NULL, '2024-02-15 00:00:00', 3, 10.000000, '132312', '1', '2024-02-25 20:17:52', '1', '2024-02-25 20:17:52', false, 1), (26, 'HK20240225000014', NULL, 16, 12, 1, 0, NULL, '2024-02-14 00:00:00', 4, 0.000000, '10000', '1', '2024-02-25 20:21:12', '1', '2024-02-25 20:21:12', false, 1), (27, 'HK20240225000015', NULL, 16, 12, 1, 0, NULL, '2024-02-27 00:00:00', 4, 0.000000, '1111', '1', '2024-02-25 20:22:36', '1', '2024-02-25 20:22:36', false, 1), (28, 'HK20240225000016', NULL, 16, 10, 1, 20, '59503b13-d3dc-11ee-853e-2ea58da017f0', '2024-02-16 00:00:00', NULL, 888.000000, NULL, '1', '2024-02-25 20:49:27', '1', '2024-02-25 20:49:47', false, 1), (29, 'HK20240225000017', NULL, 17, 13, 1, 20, 'a213f8bb-d3f5-11ee-853e-2ea58da017f0', '2024-02-28 00:00:00', NULL, 16016.000000, NULL, '1', '2024-02-25 23:40:10', '1', '2024-02-25 23:52:28', false, 1), (30, 'HK20240226000001', NULL, 16, 10, 1, 10, '9f398f3c-d447-11ee-ac04-62f15b703df8', '2024-02-27 00:00:00', NULL, 222.000000, 'hhhh', '1', '2024-02-26 09:37:07', '1', '2024-02-26 09:37:38', false, 1);
COMMIT;
BEGIN;
INSERT INTO crm_receivable_plan (id, period, customer_id, contract_id, owner_user_id, receivable_id, return_time, return_type, price, remind_days, remind_time, remark, creator, create_time, updater, update_time, deleted, tenant_id) VALUES (4, 1, 16, 12, 1, 23, '2024-02-16 00:00:00', 2, 10.000000, 10, '2024-02-06 00:00:00', 'llll', '1', '2024-02-25 16:08:57', '1', '2024-02-25 18:43:59', false, 1), (5, 2, 16, 12, 1, 22, '2024-02-27 00:00:00', 4, 10.000000, NULL, NULL, NULL, '1', '2024-02-25 18:24:00', '1', '2024-02-25 18:33:35', false, 1), (6, 3, 16, 12, 1, 25, '2024-02-20 00:00:00', 3, 10.000000, 10, '2024-02-10 00:00:00', '哈哈哈哈', '1', '2024-02-25 20:11:49', '1', '2024-02-25 20:17:52', false, 1), (7, 4, 16, 12, 1, NULL, '2024-02-20 00:00:00', NULL, 1.000000, 10, '2024-02-10 00:00:00', NULL, '1', '2024-02-26 00:08:48', '1', '2024-02-26 01:47:41', false, 1), (8, 1, 17, 13, 1, NULL, '2024-02-29 00:00:00', NULL, 220.000000, 10, '2024-02-10 00:00:00', NULL, '1', '2024-02-26 00:11:02', '1', '2024-02-26 01:47:42', false, 1);
COMMIT;

-- Re-enable triggers
SET session_replication_role = DEFAULT;

-- Update sequences to max id + 1
DO $$
DECLARE
    seq_name TEXT;
    table_name TEXT;
    max_id BIGINT;
BEGIN
    FOR seq_name, table_name IN
        SELECT s.relname, regexp_replace(s.relname, '_seq$', '')
        FROM pg_class s
        JOIN pg_namespace n ON s.relnamespace = n.oid
        WHERE s.relkind = 'S'
        AND n.nspname = 'public'
        AND s.relname ~ '^(crm_business|crm_business_product|crm_business_status|crm_business_status_type|crm_clue|crm_contact|crm_contact_business|crm_contract|crm_contract_config|crm_contract_product|crm_customer|crm_customer_limit_config|crm_customer_pool_config|crm_follow_up_record|crm_permission|crm_product|crm_product_category|crm_receivable|crm_receivable_plan)_seq$'
    LOOP
        BEGIN
            EXECUTE format('SELECT COALESCE(MAX(id), 0) + 1 FROM %I', table_name) INTO max_id;
            IF max_id IS NOT NULL THEN
                EXECUTE format('ALTER SEQUENCE %I RESTART WITH %s', seq_name, max_id);
                RAISE NOTICE 'Updated sequence % to %', seq_name, max_id;
            END IF;
        EXCEPTION WHEN OTHERS THEN
            -- Table might not exist, skip
            NULL;
        END;
    END LOOP;
END $$;

-- Statistics
/*
Conversion Statistics:
  total_lines: 614
  insert_statements: 19
  converted: 19
  skipped: 0
  errors: 0

Tables converted:
  - crm_business
  - crm_business_product
  - crm_business_status
  - crm_business_status_type
  - crm_clue
  - crm_contact
  - crm_contact_business
  - crm_contract
  - crm_contract_config
  - crm_contract_product
  - crm_customer
  - crm_customer_limit_config
  - crm_customer_pool_config
  - crm_follow_up_record
  - crm_permission
  - crm_product
  - crm_product_category
  - crm_receivable
  - crm_receivable_plan
*/
